,transaction_id,booking_date,entity_code,partner_name,currency,amount_foreign,budget_rate_pln,effective_date,nbp_mid_rate,budget_total_pln,actual_nbp_total_pln,unit_exchange_difference,total_exchange_difference,total_absolute_difference
0,TXN-8001,2024-07-01,LPP_DE,Berlin Logistics GmbH,EUR,14200.0,4.3,2024-07-01,4.3125,61060.0,61237.5,-0.012500000000000178,-177.50000000000253,177.50000000000253
1,TXN-8002,2024-07-02,LPP_UK,London Retail Holdings,GBP,8500.0,5.1,2024-07-02,5.088,43350.0,43248.0,0.011999999999999567,101.99999999999632,101.99999999999632
2,TXN-8003,2024-07-05,LPP_US,NY Sourcing Inc,USD,31000.0,3.95,2024-07-05,3.952,122450.0,122512.0,-0.0019999999999997797,-61.99999999999317,61.99999999999317
3,TXN-8004,2024-07-12,LPP_DE,Hamburg Distro AG,EUR,45000.0,4.3,2024-07-12,4.258,193500.0,191610.0,0.041999999999999815,1889.9999999999916,1889.9999999999916
4,TXN-8005,2024-07-20,LPP_US,US Cotton Supply Co,USD,125000.0,3.95,2024-07-19,3.921,493750.0,490125.0,0.02900000000000036,3625.000000000045,3625.000000000045
5,TXN-8006,2024-08-01,LPP_DE,Munich Mall Sublease,EUR,8900.0,4.3,2024-08-01,4.291,38270.0,38189.9,0.008999999999999453,80.09999999999513,80.09999999999513
6,TXN-8007,2024-08-05,LPP_UK,Oxford St Retail Ltd,GBP,22000.0,5.1,2024-08-05,5.082,112199.99999999999,111804.0,0.017999999999999794,395.99999999999545,395.99999999999545
7,TXN-8008,2024-08-15,LPP_US,Global Logistics Corp,USD,64000.0,3.95,2024-08-14,3.891,252800.0,249024.0,0.05900000000000016,3776.0000000000105,3776.0000000000105
8,TXN-8009,2024-08-22,LPP_DE,Berlin Logistics GmbH,EUR,18300.0,4.3,2024-08-22,4.275,78690.0,78232.5,0.024999999999999467,457.4999999999902,457.4999999999902
9,TXN-8010,2024-09-02,LPP_UK,London Retail Holdings,GBP,12400.0,5.1,2024-09-02,5.089,63239.99999999999,63103.600000000006,0.010999999999999233,136.39999999999048,136.39999999999048
10,TXN-8011,2024-09-10,LPP_US,NY Sourcing Inc,USD,42000.0,3.95,2024-09-10,3.875,165900.0,162750.0,0.07500000000000018,3150.0000000000073,3150.0000000000073
11,TXN-8012,2024-09-16,LPP_DE,Hamburg Distro AG,EUR,51000.0,4.3,2024-09-16,4.271,219300.0,217821.0,0.028999999999999915,1478.9999999999957,1478.9999999999957
12,TXN-8013,2024-09-23,LPP_US,US Cotton Supply Co,USD,88000.0,3.95,2024-09-23,3.821,347600.0,336248.0,0.129,11352.0,11352.0
13,TXN-8014,2024-09-30,LPP_UK,Edinburgh Logistics,GBP,15500.0,5.1,2024-09-30,5.112,79050.0,79236.0,-0.012000000000000455,-186.00000000000705,186.00000000000705
