effective_date,currency,nbp_mid_rate
2024-07-01,EUR,4.3125
2024-07-01,GBP,5.0920
2024-07-01,USD,3.9810
2024-07-02,EUR,4.3080
2024-07-02,GBP,5.0880
2024-07-02,USD,3.9750
2024-07-05,EUR,4.2890
2024-07-05,GBP,5.0710
2024-07-05,USD,3.9520
2024-07-12,EUR,4.2580
2024-07-12,GBP,5.0620
2024-07-12,USD,3.9100
2024-07-19,EUR,4.2710
2024-07-19,GBP,5.0810
2024-07-19,USD,3.9210
2024-08-01,EUR,4.2910
2024-08-01,GBP,5.0950
2024-08-01,USD,3.9610
2024-08-05,EUR,4.2980
2024-08-05,GBP,5.0820
2024-08-05,USD,3.9450
2024-08-14,EUR,4.2820
2024-08-14,GBP,5.0110
2024-08-14,USD,3.8910
2024-08-22,EUR,4.2750
2024-08-22,GBP,5.0320
2024-08-22,USD,3.8420
2024-09-02,EUR,4.2810
2024-09-02,GBP,5.0890
2024-09-02,USD,3.8710
2024-09-10,EUR,4.2790
2024-09-10,GBP,5.0610
2024-09-10,USD,3.8750
2024-09-16,EUR,4.2710
2024-09-16,GBP,5.0710
2024-09-16,USD,3.8510
2024-09-23,EUR,4.2690
2024-09-23,GBP,5.1010
2024-09-23,USD,3.8210
2024-09-30,EUR,4.2680
2024-09-30,GBP,5.1120
2024-09-30,USD,3.8120